Company_name,Symbol,gicSubindustry,Company_ESG_pulse,Market Cap,Volume,52w_change price percent,ESG_Group,Current_Price,Market_Cap_API
3M Company,MMM,Industrial Conglomerates,-0.083992,50964571770.0,2024694.0,-10.83,Low ESG,158.32000732421875,82574532608.0
A. O. Smith Corporation,AOS,Building Products,0.25117,12564573309.0,552008.0,29.49,Medium ESG,59.08000183105469,8142915584.0
"AAON, Inc",AAON,Building Products,0.739143,,,-10.51,High ESG,127.19000244140625,10418351104.0
AAR Corp,AIR,Aerospace & Defense,0.5888,2186557896.0,174582.0,12.26,High ESG,129.00999450683594,5129988096.0
ABM Industries Incorporated,ABM,Environmental & Facilities Services,0.482884,2705078026.0,149678.0,-1.57,High ESG,45.93000030517578,2690621952.0
ACCO Brands Corporation,ACCO,Office Services & Supplies,0.600923,473217675.0,346766.0,0.87,High ESG,4.039999961853027,372721472.0
ADT Inc,ADT,Security & Alarm Services,0.391786,5902814432.0,1412330.0,-6.32,Medium ESG,6.800000190734863,5171749376.0
AECOM,ACM,Construction & Engineering,-0.276441,12931672626.0,171914.0,15.03,Low ESG,70.12000274658203,9012027392.0
AGCO Corporation,AGCO,Agricultural & Farm Machinery,0.483786,9299625637.0,345204.0,-2.76,High ESG,112.48999786376953,8145234944.0
"AMETEK, Inc",AME,Electrical Components & Equipment,0.786728,41591523807.0,634221.0,29.47,High ESG,227.1199951171875,52056584192.0
AMREP Corporation,AXR,Diversified Support Services,0.3612,114387405.0,1431.0,45.56,Medium ESG,25.420000076293945,134858160.0
"ARC Document Solutions, Inc",ARC,Office Services & Supplies,0.1543,112046593.0,52019.0,-15.21,Medium ESG,,
"ARC Group Worldwide, Inc",ARCW,Industrial Machinery,0.0,,,0.0,Low ESG,,
ASGN Inc,ASGN,Human Resource & Employment Services,0.320767,4421685000.0,101662.0,22.82,Medium ESG,21.020000457763672,833931008.0
ATIF Holdings Ltd,ATIF,,0.263237,,,-52.48,Medium ESG,,
AZZ Inc,AZZ,Heavy Electrical Equipment,-0.295899,1954867479.0,66036.0,97.89,Low ESG,150.88999938964844,4529207296.0
Acme United Corporation,ACU,Office Services & Supplies,0.0,,,60.67,Low ESG,45.54999923706055,173561856.0
"Acuity Brands, Inc",AYI,Electrical Components & Equipment,0.257388,8187614271.0,94200.0,65.58,Medium ESG,297.239990234375,9010880512.0
"Advanced Drainage Systems, Inc",WMS,Building Products,0.773386,12833166342.0,208692.0,103.12,High ESG,134.9499969482422,10336590848.0
AerCap Holdings N.V,AER,Trading Companies & Distributors,-0.085167,17248368050.0,869239.0,50.41,Low ESG,140.0,22075914240.0
"Aerojet Rocketdyne Holdings, Inc",AJRD,Aerospace & Defense,-0.375988,,,34.42,Low ESG,,
Ageagle Aerial Systems Inc,UAVS,,-0.604683,,,70.95,Low ESG,0.9300000071525574,54360548.0
Air Lease Corporation,AL,Trading Companies & Distributors,0.8591,5423681260.0,571812.0,21.47,High ESG,,
"Air Transport Services Group, Inc",ATSG,Air Freight & Logistics,0.877479,,,-38.45,High ESG,,
Alamo Group Inc,ALG,Construction Machinery & Heavy Trucks,0.687717,2590013972.0,26527.0,23.86,High ESG,153.74000549316406,1870761088.0
"Alaska Air Group, Inc",ALK,Airlines,0.375652,5297837200.0,1430567.0,-0.1,Medium ESG,47.31999969482422,5272819200.0
Albany International Corp,AIN,Industrial Machinery,0.80825,2730312000.0,70310.0,-1.15,High ESG,70.94999694824219,2011784576.0
Allegion plc,ALLE,Building Products,0.639283,11339168790.0,254026.0,26.51,High ESG,133.97000122070312,11512827904.0
"Allison Transmission Holdings, Inc",ALSN,Construction Machinery & Heavy Trucks,0.757708,7162029858.0,205516.0,78.84,High ESG,117.3499984741211,9732537344.0
"Alpha Pro Tech, Ltd",APT,Building Products,0.5198,,,53.66,High ESG,5.349999904632568,54660584.0
"Ameresco, Inc",AMRC,Construction & Engineering,0.837052,1191523088.0,252152.0,-51.82,High ESG,28.059999465942383,1485816704.0
Api Group Corp,APG,Construction & Engineering,0.0,9439007519.0,535888.0,84.15,Low ESG,42.34000015258789,18342873088.0
"Apogee Enterprises, Inc",APOG,Building Products,0.880982,,,37.67,High ESG,40.13999938964844,857029312.0
Applied Blockchain Inc,APLD,Industrial Machinery,-0.726413,,,-5.54,Low ESG,42.70000076293945,12202359808.0
"Applied Industrial Technologies, Inc",AIT,Trading Companies & Distributors,0.714633,7461659966.0,110214.0,41.88,High ESG,320.1099853515625,11831117824.0
Applied UV Inc,AUVI,Building Products,0.321987,,,-10.76,Medium ESG,0.0003000000142492354,1402.0
"Aqua Metals, Inc",AQMS,Environmental & Facilities Services,0.23266,,,-50.82,Medium ESG,2.75,9245516.0
Archer Aviation Inc,ACHR,Aerospace & Defense,-0.816738,1298202605.0,2828171.0,66.53,Low ESG,5.079999923706055,3875353600.0
Arconic Corp,ARNC,Aerospace & Defense,0.564755,,,9.8,High ESG,,
Arcosa Inc,ACA,Construction & Engineering,0.382989,3912177196.0,63725.0,34.62,Medium ESG,129.50999450683594,6358469632.0
"Argan, Inc",AGX,Construction & Engineering,0.439787,655597729.0,31054.0,32.35,High ESG,641.6799926757812,8995870720.0
"Armstrong World Industries, Inc",AWI,Building Products,0.787446,5175078377.0,178094.0,69.48,High ESG,154.2100067138672,6581503488.0
"Art's-Way Manufacturing Co., Inc",ARTW,Agricultural & Farm Machinery,0.6124,,,-22.42,High ESG,2.640000104904175,13678860.0
Asia Pacific Wire & Cable Corp Ltd,APWC,Electrical Components & Equipment,0.0,,,-1.76,Low ESG,1.3700000047683716,56488464.0
Atento SA,ATTO,Office Services & Supplies,0.0,,,-94.45,Low ESG,,
Atkore International Group Inc,ATKR,Electrical Components & Equipment,0.537627,6368266442.0,265735.0,32.84,High ESG,79.2699966430664,2676730880.0
"Atlas Air Worldwide Holdings, Inc",AAWW,Air Freight & Logistics,-0.29825,,,0.82,Low ESG,,
Atlas Corp,ATCO,Marine,0.2726,,,0.13,Medium ESG,,
Avalon Holdings Corporation,AWX,Environmental & Facilities Services,0.0,,,-16.48,Low ESG,2.4800000190734863,9670591.0
Axion Power International Inc,AXPWQ,Electrical Components & Equipment,0.0,,,-98.0,Low ESG,9.999999747378752e-05,9595.0
Azek Company Inc,AZEK,Building Products,0.923342,7001110053.0,695010.0,89.54,High ESG,,
Azul S.A,AZUL,Airlines,0.458842,841855379.0,1317983.0,1.17,High ESG,8.529999732971191,1561367680.0
BG Staffing Inc,BGSF,Human Resource & Employment Services,0.737293,102074646.0,2557.0,-6.3,High ESG,5.130000114440918,54983212.0
BOC Aviation Limited,BCVVF,Trading Companies & Distributors,0.0,,,0.84,Low ESG,9.359999656677246,6495936000.0
"BWX Technologies, Inc",BWXT,Aerospace & Defense,0.407984,8847806747.0,551348.0,50.63,Medium ESG,193.4499969482422,17722853376.0
Babcock & Wilcox Enterprises Inc,BW,Heavy Electrical Equipment,0.580726,97086272.0,398436.0,-82.45,High ESG,16.079999923706055,2393339648.0
Ballard Power Systems Inc,BLDP,Electrical Components & Equipment,0.032639,,,-40.47,Medium ESG,4.21999979019165,1272227968.0
Barnes Group Inc,B,Industrial Machinery,0.4796,1786038259.0,144957.0,-12.28,High ESG,40.20000076293945,67517448192.0
"Barrett Business Services, Inc",BBSI,Human Resource & Employment Services,0.629233,,,34.04,High ESG,34.16999816894531,839203136.0
Beam Global,BEEM,Electrical Components & Equipment,0.71038,,,-54.0,High ESG,1.149999976158142,25531824.0
Bloom Energy Corp,BE,Heavy Electrical Equipment,0.663849,2545570830.0,3531266.0,-40.5,High ESG,260.2200012207031,74017988608.0
Blue Bird Corporation,BLBD,Construction Machinery & Heavy Trucks,0.551376,,,87.47,High ESG,71.54000091552734,2263996928.0
BlueLinx Holdings Inc,BXC,Trading Companies & Distributors,0.437712,1044579555.0,27883.0,81.13,High ESG,55.060001373291016,428498688.0
Brady Corporation,BRC,Commercial Printing,-0.166869,2839480854.0,129507.0,13.1,Low ESG,82.62999725341797,3892929792.0
BrightView Holdings,BV,Environmental & Facilities Services,-0.061262,1089612000.0,402959.0,113.79,Low ESG,12.890000343322754,1201347968.0
Broadwind Energy Inc,BWEN,Heavy Electrical Equipment,0.570582,,,-34.99,High ESG,4.179999828338623,97829200.0
CAE Inc,CAE,Aerospace & Defense,0.406325,6260381876.0,379457.0,-18.76,Medium ESG,25.299999237060547,8132954624.0
CBAK Energy Technology Inc,CBAT,Electronic Components,0.9371,,,-5.01,High ESG,0.699999988079071,61892524.0
"CBIZ, Inc",CBZ,Research & Consulting Services,0.192565,3713998692.0,122390.0,45.77,Medium ESG,35.2599983215332,1891654144.0
CLARIVATE PLC,CLVT,Research & Consulting Services,0.005737,4917190606.0,1827069.0,-16.8,Medium ESG,2.2100000381469727,1412668544.0
CNH Industrial N.V,CNHI,Agricultural & Farm Machinery,-0.014005,16639119568.0,6643241.0,-10.27,Low ESG,,
"CPI Aerostructures, Inc",CVU,Aerospace & Defense,-0.641104,,,-18.61,Low ESG,5.010000228881836,66180444.0
"CSW Industrials, Inc",CSWI,Building Products,0.681556,,,71.98,High ESG,,
Canadian Pacific Railway Limited,CP,Railroads,-0.384278,82082770000.0,891167.0,12.39,Low ESG,90.08000183105469,79967297536.0
Carlisle Companies Incorporated,CSL,Industrial Conglomerates,0.741109,18337629651.0,135315.0,80.72,High ESG,343.7699890136719,13910678528.0
Carrier Global Corporation,CARR,Building Products & Equipment,0.57703,51045045151.0,1659497.0,28.59,High ESG,69.91000366210938,58065879040.0
Castor Maritime Inc,CTRM,,-0.041933,,,376.32,Low ESG,2.180000066757202,21063932.0
Celadon Group Inc,CGIP,Trucking,-0.527,,,-100.0,Low ESG,9.999999747378752e-05,2829.0
ChargePoint Holdings Inc,CHPT,Electrical Components & Equipment,-0.561269,700659991.0,10997954.0,-81.39,Low ESG,7.139999866485596,174331920.0
Chicago Rivet & Machine Co,CVR,Industrial Machinery,0.0,,,-47.39,Low ESG,10.1899995803833,9844885.0
"China High Speed Transmission Equipment Group Co., Ltd",CHSTF,Heavy Electrical Equipment,0.6249,,,5.36,High ESG,0.20630000531673431,337360640.0
China Index Holdings Ltd,CIH,,0.0,,,6.48,Low ESG,,
China Yuchai International Limited,CYD,Construction Machinery & Heavy Trucks,-0.085699,337080893.0,7101.0,8.68,Low ESG,50.029998779296875,1877041664.0
Cimpress NV,CMPR,Commercial Printing,0.0,,,113.72,Low ESG,88.87999725341797,2153747968.0
Civeo Corp,CVEO,Diversified Support Services,0.147425,396377104.0,28578.0,28.67,Medium ESG,34.529998779296875,377872000.0
"Clean Harbors, Inc",CLH,Environmental & Facilities Services,0.0495,10850181259.0,101284.0,38.85,Medium ESG,287.7799987792969,15208031232.0
"CoStar Group, Inc",CSGP,Research & Consulting Services,0.134468,,,33.52,Medium ESG,32.84000015258789,13410401280.0
"Comfort Systems USA, Inc",FIX,Construction & Engineering,0.0,10788527839.0,190220.0,134.63,Low ESG,1877.6099853515625,66061770752.0
CompX International Inc,CIX,Office Services & Supplies,0.802777,,,86.56,High ESG,25.770000457763672,317565184.0
Concrete Pumping Holdings Class A,BBCP,Construction & Engineering,0.0,,,12.67,Low ESG,11.119999885559082,560374848.0
"Concrete Pumping Holdings, Inc",BBCP,Construction & Engineering,0.0,,,12.67,Low ESG,11.119999885559082,560374848.0
Construction Partners Inc,ROAD,Construction & Engineering,0.875,,,120.05,High ESG,113.87000274658203,6437611520.0
"Copa Holdings, S.A",CPA,Airlines,0.0,2897270400.0,76380.0,17.24,Low ESG,141.69000244140625,5780875776.0
Corporacion America Airports S.A,CAAP,Airport Services,0.081775,2760095975.0,92766.0,62.15,Medium ESG,26.43000030517578,4313976320.0
Costamare Inc,CMRE,Marine,0.180767,1320468920.0,264126.0,16.89,Medium ESG,16.600000381469727,2004256768.0
Crane Company,CR,Industrial Machinery,-0.096284,7713632235.0,68452.0,68.32,Low ESG,206.57000732421875,11928526848.0
Cummins Inc,CMI,Construction Machinery & Heavy Trucks,0.209578,42636493934.0,351460.0,29.04,Medium ESG,659.5800170898438,91014832128.0
Curtiss-Wright Corporation,CW,Aerospace & Defense,0.34,9697794368.0,59289.0,42.13,Medium ESG,758.0,28001402880.0
Custom Truck One Source Inc,CTOS,,-0.6705,1374317104.0,371722.0,-13.05,Low ESG,10.65999984741211,2424433664.0
DCC plc,DCCPF,Industrial Conglomerates,0.54665,,,-22.88,High ESG,85.31999969482422,7288387072.0
DLH Holdings Corp,DLHC,Human Resource & Employment Services,0.0,,,17.23,Low ESG,5.510000228881836,79856624.0
DSS Inc,DSS,Commercial Printing,0.435526,,,841.39,High ESG,0.5879999995231628,5900983.0
Danaos Corporation,DAC,Marine,0.36663,1430186960.0,79167.0,29.07,Medium ESG,131.3000030517578,2390122752.0
"Daseke, Inc",DSKE,Trucking,0.209068,,,7.24,Medium ESG,,
"Delta Air Lines, Inc",DAL,Airlines,0.005773,29695828962.0,27386937.0,38.06,Medium ESG,83.05999755859375,54569951232.0
Deluxe Corporation,DLX,Commercial Printing,0.350628,840584032.0,112910.0,25.32,Medium ESG,23.790000915527344,1089202816.0
Diana Shipping inc,DSX,Marine,0.0,338869201.0,402627.0,-28.69,Low ESG,2.390000104904175,295264608.0
"Donaldson Company, Inc",DCI,Industrial Machinery,0.256396,8932592915.0,152007.0,16.75,Medium ESG,86.4000015258789,10014715904.0
"Douglas Dynamics, Inc",PLOW,Construction Machinery & Heavy Trucks,0.511033,511623061.0,202736.0,-25.17,High ESG,47.189998626708984,1091277824.0
Dover Corporation,DOV,Industrial Machinery,0.252655,24321036080.0,441686.0,17.31,Medium ESG,217.42999267578125,29279428608.0
Ducommun Incorporated,DCO,Aerospace & Defense,0.636843,809216582.0,134944.0,4.76,High ESG,164.5399932861328,2482177792.0
Dun & Bradstreet Holdings Inc.,DNB,Research & Consulting Services,-0.7964,4177338282.0,1528580.0,-16.29,Low ESG,,
"Dycom Industries, Inc",DY,Construction & Engineering,-0.861146,4004322917.0,77183.0,50.38,Low ESG,469.0,14078723072.0
"EMCOR Group, Inc",EME,Construction & Engineering,0.505,16578149534.0,277395.0,127.03,High ESG,823.0499877929688,36652527616.0
ESCO Technologies Inc,ESE,Industrial Machinery,0.3243,2613364852.0,42585.0,7.92,Medium ESG,313.739990234375,8128115712.0
ESS Tech Inc,GWH,Electrical Components & Equipment,0.043213,121606639.0,454080.0,-42.4,Medium ESG,0.8270000219345093,24301904.0
EVI Industries Inc,EVI,Trading Companies & Distributors,0.9538,,,14.56,High ESG,16.889999389648438,217359312.0
Eagle Bulk Shipping Inc,EGLE,Marine,-0.498433,,,45.77,Low ESG,30.64900016784668,
Eaton Corporation plc,ETN,Electrical Components & Equipment,0.532476,126146000000.0,1413909.0,96.52,High ESG,391.3900146484375,151976738816.0
Ehang Holdings Ltd,EH,Aerospace & Defense,0.8126,,,69.38,High ESG,6.630000114440918,502854752.0
Elbit Systems Ltd,ESLT,Aerospace & Defense,0.725562,,,15.89,High ESG,854.0599975585938,40000696320.0
Emerson Electric Co,EMR,Electrical Components & Equipment,0.243336,65099479000.0,996864.0,35.59,Medium ESG,143.07000732421875,80133505024.0
"EnPro Industries, Inc",NPO,Industrial Machinery,0.0,3347736558.0,26517.0,61.62,Low ESG,334.6000061035156,7068981760.0
"EnSync, Inc",ESNC,Electrical Components & Equipment,0.737442,,,0.0,High ESG,9.999999747378752e-05,6808.0
EnerSys,ENS,Electrical Components & Equipment,0.790705,3642893907.0,100006.0,11.11,High ESG,224.25999450683594,8189475328.0
Energous Corporation,WATT,Electrical Components & Equipment,0.5755,,,272.92,High ESG,23.709999084472656,130431096.0
Energy Focu,EFOI,Electrical Components & Equipment,0.0,,,158.93,Low ESG,3.0199999809265137,19235050.0
Energy Vault Holdings Inc,NRGV,Electrical Components & Equipment,0.404279,188261585.0,1717101.0,-37.13,Medium ESG,4.300000190734863,766458688.0
Enerpac Tool Group Corp,EPAC,,0.52978,1886938121.0,104368.0,45.79,High ESG,35.04999923706055,1849809408.0
Eneti Inc,NETI,Marine,-0.155029,,,15.85,Low ESG,,
"Ennis, Inc",EBF,Commercial Printing,0.307561,505850365.0,64757.0,-4.98,Medium ESG,20.75,524939136.0
Enovix Corp,ENVX,Electrical Components & Equipment,0.0,,,-49.18,Low ESG,6.659999847412109,1452901888.0
Equifax Inc,EFX,Research & Consulting Services,-0.315948,30826714878.0,680578.0,27.13,Low ESG,163.7100067138672,19749091328.0
Espey Mfg. & Electronics Corp,ESP,Electrical Components & Equipment,0.8998,,,12.47,High ESG,59.2599983215332,177538336.0
Euro Tech Holdings Company Ltd,CLWT,Trading Companies & Distributors,0.0,,,4.97,Low ESG,1.2799999713897705,9486674.0
EuroDry Ltd,EDRY,Marine,0.6124,,,24.52,High ESG,22.459999084472656,64921684.0
Euroseas Ltd,ESEA,Marine,0.418133,,,86.94,Medium ESG,71.5199966430664,504636576.0
Evoqua Water Technologies Corp,AQUA,Industrial Machinery,0.376248,,,36.76,Medium ESG,,
"FTI Consulting, Inc",FCN,Research & Consulting Services,0.095247,7333725217.0,51477.0,1.03,Medium ESG,158.57000732421875,4779941376.0
FedEx Corporation,FDX,Air Freight & Logistics,0.386622,66214177806.0,1219414.0,18.33,Medium ESG,338.30999755859375,80723050496.0
Federal Signal Corporation,FSS,Construction Machinery & Heavy Trucks,0.738662,5089526099.0,167856.0,63.12,High ESG,109.11000061035156,6655955968.0
Flowserve Corporation,FLS,Industrial Machinery,0.456644,6224092152.0,263966.0,42.16,High ESG,78.06999969482422,9977893888.0
Fluor Corporation,FLR,Construction & Engineering,0.135409,7092277409.0,792288.0,35.96,Medium ESG,50.7599983215332,7089643520.0
Flux Power Holdings Inc,FLUX,Electrical Components & Equipment,0.712965,,,9.4,High ESG,0.8460000157356262,18063186.0
"Forrester Research, Inc",FORR,Research & Consulting Services,0.380359,,,-41.29,Medium ESG,6.989999771118164,135689872.0
Fortive Corporation,FTV,Industrial Machinery,0.542816,29389401035.0,553378.0,24.26,High ESG,60.13999938964844,18334341120.0
Forward Air Corporation,FWRD,Air Freight & Logistics,-0.118157,,,-73.61,Low ESG,13.329999923706055,421561856.0
Franklin Covey Co,FC,Research & Consulting Services,0.049567,508749773.0,87813.0,1.66,Medium ESG,24.31999969482422,274145824.0
Frontier Group Holdings Inc,ULCC,Airlines,0.0,,,-28.59,Low ESG,6.25,1436183296.0
GATX Corporation,GATX,Trading Companies & Distributors,0.275433,4623786250.0,69568.0,16.17,Medium ESG,174.57000732421875,6197716992.0
"GEE Group, Inc",JOB,Human Resource & Employment Services,-0.064043,,,-17.4,Low ESG,0.23000000417232513,25160388.0
GMS Inc,GMS,Trading Companies & Distributors,0.558527,3839165067.0,168433.0,77.94,High ESG,,
Gates Industrial Corporation plc,GTES,Industrial Machinery,0.417531,4590395173.0,721130.0,29.98,Medium ESG,27.139999389648438,6893558272.0
Genco Shipping & Trading Limited,GNK,Marine,0.49458,881101982.0,327165.0,31.74,High ESG,24.059999465942383,1048463872.0
Gencor Industries Inc,GENC,Industrial Machinery,0.0,,,11.36,Low ESG,14.949999809265137,219132640.0
Generac Holdings Inc,GNRC,Electrical Components & Equipment,-0.459419,8224952736.0,653748.0,33.94,Low ESG,262.3599853515625,15444786176.0
General Dynamics Corporation,GD,Aerospace & Defense,0.3504,79535082740.0,528390.0,25.22,Medium ESG,360.2200012207031,97414356992.0
"General Steel Holdings, Inc",GSIH,Trading Companies & Distributors,0.0,,,100.0,Low ESG,0.0003000000142492354,13804.0
Global Industrial Co,GIC,Trading Companies & Distributors,0.186276,1623522956.0,43103.0,61.12,Medium ESG,31.84000015258789,1218233472.0
Global Ship Lease Inc,GSL,Marine,0.474525,757956477.0,301343.0,10.15,High ESG,40.06999969482422,1443939712.0
Globus Maritime Ltd,GLBS,Marine,0.0,,,101.42,Low ESG,2.3499999046325684,50718404.0
Gol Linhas Aereas Inteligentes SA ADR,GOL,Airlines,0.0,,,-15.42,Low ESG,,
Golden Ocean Group Limited,GOGL,Marine,0.198919,,,42.76,Medium ESG,,
Grab Holdings Ltd,GRAB,Trucking,0.0258,,,12.58,Medium ESG,3.299999952316284,13496998912.0
Graco Inc,GGG,Industrial Machinery,-0.103844,15443846440.0,161416.0,28.57,Low ESG,74.5999984741211,12381225984.0
GrafTech International Ltd,EAF,Electrical Components & Equipment,-0.622508,414783470.0,4404359.0,-67.74,Low ESG,8.550000190734863,222709408.0
Graham Corporation,GHM,Industrial Machinery,0.3532,322251012.0,49134.0,115.83,Medium ESG,103.88999938964844,1212689536.0
Granite Construction Incorporated,GVA,Construction & Engineering,0.037737,2414078941.0,158785.0,40.64,Medium ESG,140.60000610351562,6150786048.0
Greenland Acquisition Corp,GTEC,,0.0,,,23.23,Low ESG,0.6299999952316284,16722860.0
Griffon Corporation,GFF,Building Products,0.91405,3452624787.0,178316.0,124.17,High ESG,93.72000122070312,4298620928.0
Grupo Aeroportuario del Centro Norte SAB de CV,OMAB,Airport Services,0.0,,,-11.86,Low ESG,101.7699966430664,4912557568.0
"Grupo Aeroportuario del Pacifico, S.A.B. de C.V",GPAEF,Airport Services,-0.306733,,,20.98,Low ESG,22.360000610351562,13304606720.0
"Grupo Aeroportuario del Sureste, S. A. B. de C. V",ASR,Airport Services,0.0,9700500000.0,31114.0,5.38,Low ESG,287.0899963378906,8621905920.0
HNI Corporation,HNI,Office Services & Supplies,-0.053413,1958779202.0,81427.0,59.84,Low ESG,33.099998474121094,2382965248.0
"Haber, Inc",ASPT,Research & Consulting Services,0.0,,,-100.0,Low ESG,9.999999747378752e-05,10351010.0
Harsco Corporation,HSC,Industrial Machinery,-0.324871,,,27.33,Low ESG,,
HeadHunter Group PLC ADR,HHR,,0.0,,,0.0,Low ESG,,
"Heidrick & Struggles International, Inc",HSII,Human Resource & Employment Services,0.181586,,,8.11,Medium ESG,,
Helios Technologies Inc,HLIO,,0.576554,1507796567.0,173027.0,-23.26,High ESG,84.58000183105469,2795060992.0
Herc Holdings Inc,HRI,Trading Companies & Distributors,0.296267,4554731494.0,101360.0,48.02,Medium ESG,144.6199951171875,4829302784.0
"Heritage-Crystal Clean, Inc",HCCI,Environmental & Facilities Services,0.202542,,,55.27,Medium ESG,,
"Hertz Global Holdings, Inc",HTZ,Trucking,-0.066459,,,-54.84,Low ESG,5.130000114440918,1619872000.0
Hexcel Corporation,HXL,Aerospace & Defense,0.031791,5316444630.0,4292411.0,-6.56,Medium ESG,97.70999908447266,7369990144.0
Highway Holdings Limited,HIHO,Industrial Machinery,0.9954,,,7.17,High ESG,0.7799999713897705,3624140.0
"Hillenbrand, Inc",HI,Industrial Machinery,0.185531,3298887643.0,124990.0,3.5,Medium ESG,,
Hirequest Inc,HQI,,0.0,,,-41.95,Low ESG,13.970000267028809,194745792.0
Hoku Corporation,HOKUQ,Electrical Components & Equipment,0.0,,,-66.67,Low ESG,1.9999999494757503e-05,1098.0
Howmet Aerospace Inc,HWM,Specialty Industrial Machinery,-0.634704,26624603913.0,1687707.0,48.86,Low ESG,264.6700134277344,105896452096.0
Hubbell Inc,HUBB,Electrical Components & Equipment,0.60535,21887842091.0,217542.0,79.23,High ESG,476.8900146484375,25199716352.0
Hudson Global Inc,HSON,Human Resource & Employment Services,0.0,,,-22.0,Low ESG,,
"Huntington Ingalls Industries, Inc",HII,Aerospace & Defense,0.328585,10944449514.0,202199.0,28.27,Medium ESG,297.67999267578125,11729790976.0
"Hurco Companies, Inc",HURC,Industrial Machinery,0.924067,,,-27.74,High ESG,21.600000381469727,139888560.0
Hyliion Holdings Corp,HYLN,Industrial Machinery,0.44033,272064437.0,762867.0,-6.01,High ESG,7.400000095367432,1319621504.0
"Hyster-Yale Materials Handling, Inc",HY,Industrial Machinery,0.0,1094100016.0,42109.0,35.64,Low ESG,37.18000030517578,666113216.0
IAA Inc,IAA,Specialized Consumer Services,0.360412,,,1.22,Medium ESG,,
"ICF International, Inc",ICFI,Research & Consulting Services,0.69715,,,30.38,High ESG,72.76000213623047,1317260160.0
IDEX Corporation,IEX,Industrial Machinery,0.33549,17902063816.0,110881.0,6.22,Medium ESG,218.49000549316406,16171549696.0
IES Holdings Inc,IESC,Construction & Engineering,0.7184,,,202.96,High ESG,749.8300170898438,14939529216.0
ITT Inc,ITT,Industrial Machinery,0.068561,10705840000.0,66304.0,55.97,Medium ESG,189.1300048828125,16991406080.0
Icahn Enterprises LP,IEP,Industrial Conglomerates,-0.192721,,,-66.83,Low ESG,7.389999866485596,4966453760.0
Illinois Tool Works Inc,ITW,Industrial Machinery,0.164457,77514696000.0,413727.0,11.66,Medium ESG,257.42999267578125,74062610432.0
"India Globalization Capital, Inc",IGC,,0.0,,,52.25,Low ESG,0.2800000011920929,28025570.0
Ingersoll Rand Inc,IR,Industrial Machinery,-0.045364,37567958923.0,551473.0,62.33,Low ESG,74.0,28958924800.0
"Innovative Solutions and Support, Inc",ISSC,Aerospace & Defense,0.6908,,,-8.74,High ESG,18.479999542236328,330657984.0
"Insperity, Inc",NSP,Human Resource & Employment Services,-0.532181,3895999333.0,104236.0,-14.08,Low ESG,36.599998474121094,1396992128.0
"JELD-WEN Holding, Inc",JELD,Building Products,-0.309258,1674675313.0,1360954.0,67.86,Low ESG,1.7699999809265137,152487840.0
Janone Inc,JAN,,-0.0574,,,207.61,Low ESG,25.729999542236328,5460497408.0
JetBlue Airways Corporation,JBLU,Airlines,-0.066067,,,-1.88,Low ESG,5.010000228881836,1863814656.0
Jewett-Cameron Trading Company Ltd,JCTCF,Building Products,0.0,,,-4.32,Low ESG,,
John Bean Technologies Corporation,JBT,Industrial Machinery,-0.089662,2996167487.0,120049.0,-10.3,Low ESG,,
Johnson Controls International plc,JCI,Building Products,0.342368,44415266473.0,2257341.0,12.55,Medium ESG,144.9600067138672,88442355712.0
"KAR Auction Services, Inc",KAR,Diversified Support Services,0.268575,1857843387.0,434915.0,28.94,Medium ESG,,
Kadant Inc,KAI,Industrial Machinery,0.6123,3440056088.0,50945.0,52.44,High ESG,282.45001220703125,3335300352.0
Kaman Corporation,KAMN,Trading Companies & Distributors,0.264722,1298715577.0,306719.0,106.06,Medium ESG,,
Kennametal Inc,KMT,Industrial Machinery,0.45947,1881468276.0,215981.0,-12.4,High ESG,34.97999954223633,2665829376.0
Kirby Corporation,KEX,Marine,0.052555,5817379410.0,134404.0,41.77,Medium ESG,143.4199981689453,7668954112.0
Knight-Swift Transportation Holdings Inc,KNX,Trucking,0.197625,8306469275.0,1541236.0,-6.74,Medium ESG,81.54000091552734,13249761280.0
Korn Ferry,KFY,Human Resource & Employment Services,0.362285,3284746045.0,153615.0,22.96,Medium ESG,73.22000122070312,3799172608.0
L3Harris Technologies Inc,LHX,Communications Equipment,0.254633,39049104162.0,662554.0,1.19,Medium ESG,307.7900085449219,57339723776.0
Lennox International Inc,LII,Building Products,0.649854,16627700166.0,128007.0,88.42,High ESG,512.1500244140625,17822803968.0
"Limbach Holdings, Inc",LMB,Construction & Engineering,-0.89255,,,122.7,Low ESG,79.08999633789062,942837120.0
Lindsay Corporation,LNN,Agricultural & Farm Machinery,0.324461,1264765664.0,58896.0,-10.98,Medium ESG,115.3499984741211,1205946112.0
Luxfer Holdings PLC,LXFR,Industrial Machinery,0.821673,,,-35.21,High ESG,18.079999923706055,488275840.0
MICT Inc,MICT,Aerospace & Defense,0.6369,,,402.3,High ESG,,
MRC Global Inc,MRC,Trading Companies & Distributors,0.583125,1062895791.0,226475.0,34.07,High ESG,,
"MSC Industrial Direct Co., Inc",MSM,Trading Companies & Distributors,0.7961,5222444676.0,484604.0,5.81,High ESG,116.69000244140625,6515305984.0
"Manitex International, Inc",MNTX,Construction Machinery & Heavy Trucks,0.74825,,,13.19,High ESG,,
Manitowoc Company Inc,MTW,Construction Machinery & Heavy Trucks,0.39896,468719206.0,163865.0,-11.8,Medium ESG,12.460000038146973,447433408.0
ManpowerGroup Inc,MAN,Human Resource & Employment Services,0.90088,3505157491.0,145140.0,-7.43,High ESG,34.0,1581249664.0
"MasTec, Inc",MTZ,Construction & Engineering,0.450255,7081435906.0,239311.0,-1.35,High ESG,362.9700012207031,28681367552.0
Masco Corporation,MAS,Building Products,0.31124,16343918216.0,1393206.0,52.9,Medium ESG,74.02999877929688,14934400000.0
Masonite International Corporation,DOOR,Building Products,-0.169225,2870519318.0,424334.0,44.45,Low ESG,,
"Mastech Digital, Inc",MHH,Human Resource & Employment Services,-0.26702,,,-7.8,Low ESG,7.889999866485596,94665688.0
"Matson, Inc",MATX,Marine,-0.224781,3713463397.0,96347.0,82.41,Low ESG,201.94000244140625,6111366656.0
Maxar Technologies Inc,MAXR,Aerospace & Defense,-0.174969,,,60.43,Low ESG,,
McGrath RentCorp,MGRC,Diversified Support Services,-0.159012,,,30.76,Low ESG,115.08999633789062,2826813952.0
"Millennium Cell, Inc",MCELQ,Electrical Components & Equipment,0.0,,,-70.0,Low ESG,,
"Mistras Group, Inc",MG,Research & Consulting Services,0.0,278776544.0,52276.0,20.08,Low ESG,18.649999618530273,593381056.0
"Mueller Industries, Inc",MLI,Industrial Machinery,0.0,5869244858.0,266193.0,-25.54,Low ESG,138.08999633789062,15268696064.0
"Mueller Water Products, Inc",MWA,Industrial Machinery,-0.149741,2358277457.0,683697.0,9.81,Low ESG,25.81999969482422,4040082944.0
"NL Industries, Inc",NL,Office Services & Supplies,0.424768,409708047.0,47578.0,30.19,Medium ESG,6.050000190734863,295837376.0
"NN, Inc",NNBR,Industrial Machinery,0.437831,,,271.56,High ESG,3.0,158320544.0
DNOW Inc,DNOW,Trading Companies & Distributors,0.378892,1592491440.0,369159.0,40.63,Medium ESG,14.029999732971191,2561120000.0
"NV5 Global, Inc",NVEE,Construction & Engineering,0.34,,,-2.95,Medium ESG,,
"National Presto Industries, Inc",NPK,Aerospace & Defense,0.0411,559859797.0,14084.0,12.59,Medium ESG,129.83999633789062,930438976.0
Navios Maritime Holdings Inc,NM,Marine,-0.049053,,,33.82,Low ESG,,
Navios Maritime Partners LP Unit,NMM,Marine,0.0,1253255790.0,119054.0,78.4,Low ESG,75.29000091552734,2140089728.0
Norfolk Southern Corporation,NSC,Railroads,-0.014925,56323554020.0,557071.0,20.05,Low ESG,313.9100036621094,70502301696.0
Northrop Grumman Corporation,NOC,Aerospace & Defense,0.244398,68590322898.0,498713.0,-2.95,Medium ESG,550.3300170898438,78165286912.0
Northwest Pipe Company,NWPX,Construction & Engineering,0.210236,,,16.4,Medium ESG,128.85000610351562,1241728512.0
"Odyssey Marine Exploration, Inc",OMEX,Diversified Support Services,0.0,,,16.72,Low ESG,0.8999999761581421,52716704.0
"Omega Flex, Inc",OFLX,Industrial Machinery,0.4588,,,-33.35,High ESG,30.8799991607666,311712640.0
"Orion Group Holdings, Inc",ORN,Construction & Engineering,0.23575,272107801.0,214790.0,231.78,Medium ESG,14.510000228881836,587354368.0
Oshkosh Corporation,OSK,Construction Machinery & Heavy Trucks,0.413956,8130034001.0,135777.0,54.16,Medium ESG,135.0500030517578,8420544512.0
Otis Worldwide Corporation,OTIS,Specialty Industrial Machinery,0.415707,39580480590.0,518859.0,20.34,Medium ESG,70.75,27147911168.0
Owens Corning,OC,Building Products,0.615533,14441278785.0,228005.0,70.13,High ESG,121.44000244140625,9779359744.0
"P.A.M. Transportation Services, Inc",PTSI,Trucking,0.6124,,,-45.56,High ESG,,
"PGT Innovations, Inc",PGTI,Building Products,0.100259,,,82.91,Medium ESG,,
Pangaea Logistic,PANL,Marine,0.0,,,12.31,Low ESG,7.679999828338623,502386592.0
Paragon Shipping Inc,PRGNF,Marine,0.0,,,900.0,Low ESG,9.999999747378752e-05,24.0
Park Electrochemical Corporation,PKE,Electronic Manufacturing Services,0.0,314534696.0,17823.0,18.53,Low ESG,35.65999984741211,744504512.0
Park-Ohio Holdings Corp,PKOH,Industrial Machinery,-0.5423,,,108.13,Low ESG,34.72999954223633,500048416.0
Parker-Hannifin Corporation,PH,Industrial Machinery,-0.0145,71365616219.0,244389.0,70.67,Low ESG,903.47998046875,113916534784.0
Parsons Corp,PSN,Aerospace & Defense,0.2732,8532509807.0,410406.0,72.78,Medium ESG,56.70000076293945,6065681920.0
"Patrick Industries, Inc",PATK,Building Products,-0.05135,,,59.65,Low ESG,86.69999694824219,2851842304.0
Patriot Transportation Holding Inc,PATI,Trucking,-0.6486,,,119.14,Low ESG,,
Pentair plc,PNR,Industrial Machinery,0.563965,13589670296.0,771602.0,53.17,High ESG,73.80000305175781,11926489088.0
"Perma-Fix Environmental Services, Inc",PESI,Environmental & Facilities Services,-0.8591,,,-6.41,Low ESG,11.0,233133056.0
"Pioneer Power Solutions, Inc",PPSI,Heavy Electrical Equipment,0.0,,,0.23,Low ESG,4.070000171661377,45161804.0
Pitney Bowes Inc,PBI,Office Services & Supplies,0.508479,710528030.0,1140166.0,5.06,High ESG,17.31999969482422,2345845504.0
"Polar Power, Inc",POLA,Heavy Electrical Equipment,0.567905,,,-65.52,High ESG,1.809999942779541,6588687.0
"Powell Industries, Inc",POWL,Electrical Components & Equipment,0.0,,,218.94,Low ESG,294.75,10738228224.0
"Power Solutions International, Inc",PSIX,Heavy Electrical Equipment,0.79924,,,47.5,High ESG,40.720001220703125,938614336.0
Preformed Line Products Company,PLPC,Electrical Components & Equipment,0.0,,,0.95,Low ESG,375.4200134277344,1835057536.0
"Proto Labs, Inc",PRLB,Industrial Machinery,0.212998,835449163.0,52747.0,5.96,Medium ESG,78.94000244140625,1878301952.0
"Quad/Graphics, Inc",QUAD,Commercial Printing,-0.278819,262456308.0,86884.0,25.63,Low ESG,7.590000152587891,391336800.0
Quanex Building Products,NX,Building Products,0.0,1202984570.0,77796.0,79.07,Low ESG,17.020000457763672,781693952.0
"Quanta Services, Inc",PWR,Construction & Engineering,0.561613,37203723290.0,410578.0,54.38,High ESG,707.739990234375,106203561984.0
Quest Resource Holding Corporation,QRHC,Environmental & Facilities Services,-0.2023,,,53.38,Low ESG,1.3700000047683716,28870712.0
"RCM Technologies, Inc",RCMT,Research & Consulting Services,0.540242,,,61.92,High ESG,25.65999984741211,181868176.0
"REV Group, Inc",REVG,Construction Machinery & Heavy Trucks,0.060715,1183117367.0,740342.0,97.76,Medium ESG,,
"Radiant Logistics, Inc",RLGT,Air Freight & Logistics,0.0,,,-17.98,Low ESG,9.199999809265137,430851296.0
Raytheon Technologies Corporation,RTX,Aerospace & Defense,-0.490276,134978000000.0,3046700.0,-1.12,Low ESG,183.52999877929688,247156801536.0
Regal Beloit Corporation,RBC,Electrical Components & Equipment,-0.003067,7645225573.0,36000.0,17.31,Low ESG,603.6400146484375,19096369152.0
Rekor Systems Inc,REKR,,0.67745,,,66.08,High ESG,0.6940000057220459,95431224.0
"Republic Services, Inc",RSG,Environmental & Facilities Services,-0.048137,59618704721.0,615469.0,37.66,Low ESG,209.91000366210938,64581771264.0
Resideo Technologies Inc,REZI,Building Products,0.424877,3118541062.0,216246.0,19.82,Medium ESG,31.65999984741211,4794155008.0
Roadrunner Transportation Systems Inc,RRTS,Trucking,0.0,,,-31.54,Low ESG,5.0,195466096.0
Robert Half International Inc,RHI,Human Resource & Employment Services,0.696386,7708102145.0,437656.0,-1.79,High ESG,32.4900016784668,3323518976.0
"Rockwell Automation, Inc",ROK,Electrical Components & Equipment,0.350406,32125300408.0,402448.0,0.97,Medium ESG,459.3399963378906,51112574976.0
"Rollins, Inc",ROL,Environmental & Facilities Services,-0.250393,21866768302.0,729698.0,14.76,Low ESG,47.189998626708984,22720268288.0
"Roper Technologies, Inc",ROP,Industrial Conglomerates,0.052458,,,21.55,Medium ESG,334.9700012207031,33804288000.0
Ryanair Holdings plc,RYA,Airlines,-0.195025,,,53.38,Low ESG,,
"Ryder System, Inc",R,Trucking,0.456381,5135683591.0,103670.0,34.76,High ESG,280.3299865722656,10846252032.0
SG Blocks Inc,SGBX,Industrial Machinery,0.0,,,-82.21,Low ESG,,
"SIFCO Industries, Inc",SIF,Aerospace & Defense,-0.201142,,,-7.6,Low ESG,20.969999313354492,131149056.0
SPX Corp,SPXC,Industrial Machinery,0.0,5574166636.0,189010.0,80.55,Low ESG,230.0500030517578,11517416448.0
"SPX FLOW, Inc",FLOW,Industrial Machinery,0.441118,,,18.37,High ESG,38.801998138427734,
Safe Bulkers Inc,SB,Marine,0.7845,529021105.0,358915.0,29.46,High ESG,6.900000095367432,705489024.0
"Schneider National, Inc",SNDR,Trucking,0.556761,3859361664.0,315758.0,-17.8,High ESG,38.439998626708984,6731778048.0
Sensata Technologies Holding plc,ST,Electrical Components & Equipment,0.6808,5270207512.0,397437.0,-25.35,High ESG,50.400001525878906,7329775616.0
"Servotronics, Inc",SVT,Electrical Components & Equipment,0.772671,,,12.22,High ESG,,
Sharing Economy International Inc,SEII,Industrial Machinery,0.52572,,,-94.63,High ESG,0.0012499999720603228,1527172.0
Shenzhen International Holdings Limited,SZIHF,Highways & Railtracks,0.0,,,-10.96,Low ESG,0.8999999761581421,2199362048.0
Shyft Group Inc,SHYF,Industrial Machinery,0.337721,,,-46.57,Medium ESG,,
"Simpson Manufacturing Co., Inc",SSD,Building Products,0.446683,7697258663.0,134233.0,69.39,High ESG,193.07000732421875,7942576640.0
SiteOne Landscape Supply Inc,SITE,Trading Companies & Distributors,0.0,7748263148.0,176641.0,27.63,Low ESG,106.5,4718826496.0
Smart Powerr Corp,CREG,Environmental & Facilities Services,0.497877,,,-9.62,High ESG,0.19335000216960907,5244693.0
Snap-on Incorporated,SNA,Industrial Machinery,0.537141,15355981920.0,104561.0,22.23,High ESG,387.4800109863281,20072206336.0
Southwest Airlines Co,LUV,Airlines,-0.02915,16751356483.0,6762738.0,-12.85,Low ESG,45.470001220703125,22224541696.0
"Spirit AeroSystems Holdings, Inc",SPR,Aerospace & Defense,-0.390377,3937693660.0,1042177.0,-5.49,Low ESG,,
"Spirit Airlines, Inc",SAVE,Airlines,0.043433,494293165.0,4699486.0,-75.46,Medium ESG,,
Staffing 360 Solutions Inc,STAF,Human Resource & Employment Services,-0.015471,,,-75.68,Low ESG,,
Standex International Corporation,SXI,Industrial Machinery,0.0,1988329185.0,62131.0,43.18,Low ESG,303.1600036621094,3672759808.0
Star Bulk Carriers Corp,SBLK,Marine,0.105365,,,10.0,Medium ESG,27.149999618530273,3028064768.0
Steel Partners Holdings L.P,SPLP,Industrial Conglomerates,-0.9716,805558647.0,216.0,0.0,Low ESG,,
Steelcase Inc,SCS,Office Services & Supplies,0.452009,1386651717.0,389314.0,55.34,High ESG,,
Stem Inc,STEM,Electrical Components & Equipment,0.409776,291881197.0,4046409.0,-64.5,Medium ESG,7.309999942779541,65475324.0
TAT Technologies Ltd,TATT,Aerospace & Defense,0.12037,,,87.77,Medium ESG,45.150001525878906,586188672.0
TOMI Environmental Solutions Inc,TOMZ,Environmental & Facilities Services,0.2899,,,-24.4,Medium ESG,0.7200000286102295,16576893.0
"TPI Composites, Inc",TPIC,Heavy Electrical Equipment,0.639638,,,-80.94,High ESG,0.12710000574588776,
"Taylor Devices, Inc",TAYD,Industrial Machinery,-0.34,,,148.98,Low ESG,54.18000030517578,174411488.0
Tecogen Inc,TGEN,Building Products,0.593863,,,-4.75,High ESG,5.730000019073486,171429872.0
Teledyne Technologies Incorporated,TDY,Aerospace & Defense,-0.182598,19007396836.0,169662.0,-8.46,Low ESG,626.02001953125,29002967040.0
Tennant Company,TNC,Industrial Machinery,0.286856,2196985363.0,50817.0,76.63,Medium ESG,86.87999725341797,1480339968.0
Terex Corporation,TEX,Construction Machinery & Heavy Trucks,0.83191,4284650000.0,478359.0,41.92,High ESG,63.79999923706055,7287017472.0
Textainer Group Holdings Limited,TGH,Trading Companies & Distributors,-0.55918,,,55.9,Low ESG,,
Textron Inc,TXT,Aerospace & Defense,0.289009,18450340362.0,575710.0,39.24,Medium ESG,92.81999969482422,16140375040.0
The Brink's Company,BCO,Security & Alarm Services,0.072712,3867671184.0,69564.0,33.85,Medium ESG,101.94000244140625,4197993984.0
The Eastern Company,EML,Industrial Machinery,-0.216675,,,71.27,Low ESG,21.75,131172376.0
The Goldfield Corporation,GV,Construction & Engineering,-0.76184,,,-0.12,Low ESG,0.210999995470047,1183150.0
The Gorman-Rupp Company,GRC,Industrial Machinery,-0.1156,972700191.0,30329.0,53.73,Low ESG,84.58999633789062,2234042368.0
The L.S. Starrett Company,SCX,Industrial Machinery,-0.52165,119779752.0,45683.0,44.83,Low ESG,,
The Timken Company,TKR,Industrial Machinery,0.593045,6025397224.0,272107.0,9.41,High ESG,137.05999755859375,9524917248.0
The Toro Company,TTC,Agricultural & Farm Machinery,0.679771,9015527180.0,430054.0,-17.73,High ESG,90.73999786376953,8641127424.0
"Thermon Group Holdings, Inc",THR,Electrical Components & Equipment,0.371322,1057294121.0,109165.0,34.39,Medium ESG,61.14,2013932928.0
"Titan International, Inc",TWI,Agricultural & Farm Machinery,0.344114,727441309.0,97285.0,16.1,Medium ESG,7.71999979019165,496951520.0
Trane Technologies plc,TT,Specialty Industrial Machinery,0.677135,67754945558.0,364090.0,69.23,High ESG,458.25,101298667520.0
TransDigm Group Incorporated,TDG,Aerospace & Defense,0.069875,67989219262.0,77002.0,63.02,Medium ESG,1256.050048828125,70255378432.0
TransUnion,TRU,Research & Consulting Services,-0.077927,14879800000.0,754489.0,20.26,Low ESG,66.12999725341797,12749863936.0
Transcat Inc,TRNS,Trading Companies & Distributors,0.742128,,,32.19,High ESG,91.26000213623047,852432128.0
"Trex Company, Inc",TREX,Building Products,0.32768,10006949703.0,535324.0,82.01,Medium ESG,45.630001068115234,4740898816.0
"TriNet Group, Inc",TNET,Human Resource & Employment Services,0.504067,6532862609.0,81820.0,54.17,High ESG,47.380001068115234,2176857344.0
"Trinity Industries, Inc",TRN,Construction Machinery & Heavy Trucks,0.214097,2220830818.0,165129.0,11.53,Medium ESG,34.7599983215332,2763611136.0
Triton International Limited,TRTN,Trading Companies & Distributors,-0.36805,,,44.88,Low ESG,,
"Triumph Group, Inc",TGI,Aerospace & Defense,0.82574,1046147267.0,426251.0,22.01,High ESG,,
"TrueBlue, Inc",TBI,Human Resource & Employment Services,-0.041629,343694603.0,282552.0,-39.86,Low ESG,6.980000019073486,212220560.0
Tutor Perini Corporation,TPC,Construction & Engineering,0.357125,736160783.0,224604.0,164.87,Medium ESG,74.91999816894531,3955135488.0
US Xpress Enterprises Inc,USX,Trucking,-0.806167,,,129.1,Low ESG,23.860000610351562,
Uber Technologies Inc,UBER,Specialized Consumer Services,0.075978,153619000000.0,8387451.0,148.95,Medium ESG,68.8499984741211,140150980608.0
Ufp Industries Inc,UFPI,Building Products,0.288,,,46.51,Medium ESG,84.55999755859375,4775968256.0
Ultrapetrol Bahamas Ltd,ULTRF,Marine,0.0,,,-90.48,Low ESG,9.999999747378752e-05,14072.0
UniFirst Corporation,UNF,Diversified Support Services,0.397007,2984869701.0,35100.0,-3.5,Medium ESG,264.8299865722656,4789159936.0
Union Pacific Corporation,UNP,Railroads,0.295481,144645000000.0,1166280.0,18.58,Medium ESG,272.70001220703125,161905606656.0
"United Airlines Holdings, Inc",UAL,Airlines,0.482496,,,1.84,High ESG,115.5199966430664,37494292480.0
"United Parcel Service, Inc",UPS,Air Freight & Logistics,0.286145,125067000000.0,2698826.0,-21.15,Medium ESG,108.0999984741211,91885674496.0
"United Rentals, Inc",URI,Trading Companies & Distributors,0.471954,45830064944.0,272401.0,79.66,High ESG,1074.239990234375,67297435648.0
Univar Solutions Inc,UNVR,Trading Companies & Distributors,0.506245,,,33.67,High ESG,,
"Universal Logistics Holdings, Inc",ULH,Trucking,0.0,,,17.24,Low ESG,17.139999389648438,451976512.0
Upwork Inc,UPWK,Human Resource & Employment Services,0.575268,,,18.42,High ESG,8.489999771118164,1048668928.0
VSE Corporation,VSEC,Diversified Support Services,0.8457,,,80.37,High ESG,196.1300048828125,5502849536.0
"Valmont Industries, Inc",VMI,Construction & Engineering,0.569543,4471257870.0,66845.0,-26.15,High ESG,546.8099975585938,10615578624.0
Veritiv Corporation,VRTV,Trading Companies & Distributors,0.383533,,,29.91,Medium ESG,,
Vertical Aerospace Ltd,EVTL,Aerospace & Defense,0.50167,201668686.0,410118.0,-60.24,High ESG,2.140000104904175,272481920.0
Viad Corp,VVI,Diversified Support Services,0.4793,756667443.0,28077.0,92.12,High ESG,,
VirTra Inc,VTSI,Aerospace & Defense,-0.109067,,,130.0,Low ESG,3.4800000190734863,39347960.0
Virco Mfg. Corporation,VIRC,Office Services & Supplies,0.40154,,,157.83,Medium ESG,6.480000019073486,101927440.0
Virgin Galactic Holdings Inc,SPCE,Aerospace & Defense,0.356669,440044014.0,13102328.0,-66.51,Medium ESG,3.9100000858306885,434740928.0
"W.W. Grainger, Inc",GWW,Trading Companies & Distributors,0.426,49600181739.0,108025.0,49.08,High ESG,1315.8699951171875,62126329856.0
"WESCO International, Inc",WCC,Trading Companies & Distributors,0.74558,8497022336.0,207112.0,16.92,High ESG,346.7699890136719,16889395200.0
Wabash National Corporation,WNC,Construction Machinery & Heavy Trucks,0.567014,1233096384.0,250211.0,18.83,High ESG,9.710000038146973,394944224.0
Wabtec Corporation,WAB,Construction Machinery & Heavy Trucks,0.566404,26088729098.0,931722.0,47.53,High ESG,265.20001220703125,44998434816.0
"Waste Connections, Inc",WCN,Environmental & Facilities Services,0.162435,43313719532.0,432315.0,16.91,Medium ESG,156.11000061035156,39664570368.0
"Waste Management, Inc",WM,Environmental & Facilities Services,-0.01359,83255297343.0,828154.0,24.96,Low ESG,219.4499969482422,88125792256.0
"Watts Water Technologies, Inc",WTS,Industrial Machinery,0.365272,6616893127.0,44846.0,24.97,Medium ESG,333.1099853515625,11122838528.0
Wilhelmina,WHLM,Diversified Support Services,0.550194,,,17.11,High ESG,2.75,13529574.0
Williams Industrial Services Group Inc,WLMS,Construction & Engineering,0.0,,,-71.99,Low ESG,,
Willis Lease Finance Corporation,WLFC,Trading Companies & Distributors,0.467685,,,-13.57,High ESG,190.25999450683594,1515728256.0
Willscot Mobile Mini Holdings Corp A,WSC,Construction & Engineering,0.0,,,1.24,Low ESG,28.1299991607666,5091380224.0
"XPO Logistics, Inc",XPO,Air Freight & Logistics,0.138961,14565198789.0,361594.0,287.02,Medium ESG,228.3300018310547,26808221696.0
Xylem Inc,XYL,Industrial Machinery,0.44707,30939359752.0,525813.0,23.17,High ESG,110.08000183105469,26165299200.0
Yangtze River Port and Logistics Limited,YRIV,Marine Ports & Services,-0.671661,,,-98.46,Low ESG,0.0005000000237487257,89764.0
Yayyo Inc,YAYO,Trucking,-0.729335,,,-73.33,Low ESG,9.999999747378752e-05,7130.0
Yellow Corp,YELL,Trucking,0.0,,,-84.68,Low ESG,,
ZIM Integrated Shipping Services Ltd,ZIM,Marine,0.267866,1255190953.0,2174222.0,-47.07,Medium ESG,26.229999542236328,3161226240.0
ZTO Express (Cayman) Inc,ZTO,Air Freight & Logistics,-0.120556,16627386508.0,1639114.0,-28.46,Low ESG,22.829999923706055,17441345536.0
nVent Electric PLC,NVT,Electrical Components & Equipment,0.43205,12357080611.0,779541.0,74.68,High ESG,165.83999633789062,26819719168.0
"root9B Holdings, Inc",RTNB,Research & Consulting Services,0.0,,,-99.95,Low ESG,9.999999747378752e-05,610.0
